feature,target,count,mean,median,std,missing_pct
P_2,0,337611,0.7409460085599039,0.7844330791417428,0.1949340207666964,0.727465192525398
P_2,1,118333,0.33369093343626166,0.3518093009034201,0.21114483553631644,0.4165684855421281
B_1,0,340085,0.07758955473626868,0.0196127449738179,0.1583736329609715,0.0
B_1,1,118828,0.3148622025957369,0.20785039231290095,0.30504058956433666,0.0
B_2,0,340061,0.7274805753571884,0.8172580372748165,0.349740672071604,0.0070570592645956155
B_2,1,118821,0.2027646593665088,0.0416100050135305,0.31922210061238465,0.005890867472312922
B_9,0,340085,0.10994163005741034,0.0093419099849402,0.21012661815639097,0.0
B_9,1,118828,0.4803095587205826,0.5865493391757237,0.34621588165601264,0.0
D_39,0,340085,0.12078999024689745,0.0083014515488318,0.20922845081342717,0.0
D_39,1,118828,0.4324511672265403,0.09378208806486105,0.653706480095044,0.0
D_41,0,340061,0.031626031864761414,0.0054642504328167,0.1180733873431856,0.0070570592645956155
D_41,1,118821,0.2937063172857103,0.0084218203343649,0.5160172810442757,0.005890867472312922
D_44,0,323187,0.060932751500890066,0.0063696057015794,0.1468213753664134,4.9687578105473635
D_44,1,113431,0.359965757377697,0.2572335809856654,0.32794764576178387,4.541858821153263
D_45,0,340061,0.2786688497451319,0.2195051184730741,0.24900807070032197,0.0070570592645956155
D_45,1,118821,0.1354478462607332,0.0617155961775669,0.1794834952075045,0.005890867472312922
D_47,0,340085,0.4383439002547949,0.4185256700587338,0.22963551571531204,0.0
D_47,1,118828,0.286015244524837,0.24904762688997517,0.2004413052607665,0.0
R_1,0,340085,0.02940315917116183,0.0052817317885952,0.11447696070969708,0.0
R_1,1,118828,0.3306103160741974,0.00918378967025435,0.4417057848297803,0.0
R_2,0,340085,0.016344304894719625,0.0050507087304458,0.10594421610139028,0.0
R_2,1,118828,0.26950476342503055,0.0067908265477637005,0.44108078956569935,0.0
R_3,0,340085,0.08427773199069163,0.0083018690958238,0.14510512604080567,0.0
R_3,1,118828,0.21626494413640487,0.10627371213244691,0.3176713057625758,0.0
S_3,0,264199,0.18536324714458974,0.1518093626501782,0.15139803919823513,22.313833306379287
S_3,1,109744,0.3342712895699453,0.24805500598492455,0.25274417024320467,7.644662874070085
