cohort_month,customers,default_rate,mean_statement_count,P_2,D_44,B_2,B_1,B_9,time,post,time_after
2017-03-01,395630,0.2320172888810252,12.940702171220584,0.7174461403365363,0.00778397457758865,0.8140215607194774,0.030098498626000253,0.0187658269776575,0,0,0
2017-04-01,6911,0.48126175661988135,11.498046592388945,0.4263048475835396,0.1296324476801368,0.166429483439251,0.0821090252084725,0.3403508400298298,1,0,0
2017-05-01,3945,0.4988593155893536,10.737389100126743,0.4202492718407249,0.1297000144104399,0.1393985438883173,0.0921099267556797,0.4445330357935768,2,0,0
2017-06-01,6040,0.4869205298013245,9.856456953642384,0.42588280095939685,0.1294071430582934,0.16650100782306704,0.08307676965467935,0.38763274197800557,3,1,0
2017-07-01,5787,0.47433903576982894,8.938137204078107,0.4438194523042791,0.12806940744200057,0.1987483294655403,0.073550319207958,0.3488868728777565,4,1,1
2017-08-01,5624,0.46799431009957326,7.958570412517781,0.4446003956765352,0.1277332367742564,0.19975563323003376,0.07603887359955774,0.33012440947367183,5,1,2
2017-09-01,4423,0.45421659507121864,6.97422563870676,0.4690674772058313,0.1257423164311761,0.2619091368162018,0.0646561241174819,0.2883478921207904,6,1,3
2017-10-01,4848,0.4176980198019802,5.981641914191419,0.48621611460211495,0.0096547001235695,0.44725335195909993,0.053908858884533645,0.21714956151883114,7,1,4
2017-11-01,4554,0.40667545015371104,4.938515590689503,0.5012852237572978,0.0092673262169603,0.6306032339090429,0.0532709706937904,0.1945816102864058,8,1,5
2017-12-01,4616,0.4220103986135182,3.9445407279029463,0.49353248166943714,0.009276611363704751,0.6501746651031729,0.0585754817001084,0.20239197385980195,9,1,6
2018-01-01,5659,0.3597808800141368,2.952111680508924,0.5584055066505802,0.0082497882562718,0.8141755292592325,0.0699220201548345,0.1356402506153556,10,1,7
2018-02-01,5756,0.3186240444753301,2.0,0.5749776250180795,0.008154080719542201,0.8142030801511577,0.07897471336965764,0.0886830050643273,11,1,8
2018-03-01,5120,0.3357421875,1.0,0.5844863137010471,0.00827669838027675,0.8134740169533967,0.0430373151726659,0.036524926485988,12,1,9
