risk_decile,customers,average_predicted_pd,observed_default_rate,expected_defaults
1,9179,0.001468290827761162,0.0009804989650288702,13.477441508019707
2,9178,0.0018487656039083164,0.0010895619960775767,16.967970712670528
3,9178,0.003700784382279058,0.0018522553933318807,33.965799060557195
4,9178,0.007427277459831582,0.006864240575288734,68.16755252633426
5,9179,0.025144554595925076,0.02331408650179758,230.80186663599628
6,9178,0.07629488697860064,0.07932011331444759,700.2344726895966
7,9178,0.24792417482642493,0.2430812813249074,2275.448076556928
8,9178,0.512346331396698,0.5180867291348877,4702.314629558895
9,9178,0.7583276770495089,0.7646546088472435,6959.931419960392
10,9179,0.9467630158348511,0.9501034971129753,8690.337722348098
