feature,family,default_median,non_default_median,u_statistic,p_value,effect_size,abs_effect_size,missing_pct,p_value_fdr,test_type,chi_square,n_levels
P_2,P,0.3518093009034201,0.7844330791417428,3323216574.0,0.0,-0.8336333860425589,0.8336333860425589,0.646963585690534,0.0,mannwhitney,,
D_44,D,0.2572335809856654,0.0063696057015794,30953345949.0,0.0,0.6886978608787573,0.6886978608787573,4.858219313900456,0.0,mannwhitney,,
B_2,B,0.0416100050135305,0.8172580372748165,6487560705.0,0.0,-0.6788844035257584,0.6788844035257584,0.006755093013272669,0.0,mannwhitney,,
B_1,B,0.20785039231290095,0.0196127449738179,33759963410.0,0.0,0.6708047384661688,0.6708047384661688,0.0,0.0,mannwhitney,,
B_9,B,0.5865493391757237,0.0093419099849402,33422114004.0,0.0,0.6540843296915084,0.6540843296915084,0.0,0.0,mannwhitney,,
B_38,B,,,,0.0,0.5283180525051882,0.5283180525051882,0.006755093013272669,0.0,chi_square,128083.12759689637,7.0
S_3,S,0.24805500598492455,0.1518093626501782,21929727161.0,0.0,0.5126946437247344,0.5126946437247344,18.51549204315415,0.0,mannwhitney,,
D_45,D,0.0617155961775669,0.2195051184730741,11868427424.0,0.0,-0.4125469764727224,0.4125469764727224,0.006755093013272669,0.0,mannwhitney,,
R_1,R,0.00918378967025435,0.0052817317885952,28493373975.0,0.0,0.4101574600112583,0.4101574600112583,0.0,0.0,mannwhitney,,
B_30,B,,,,0.0,0.4066285908376005,0.4066285908376005,0.006755093013272669,0.0,chi_square,75874.67527325226,3.0
D_47,D,0.24904762688997517,0.4185256700587338,12072588339.0,0.0,-0.40251896729313974,0.40251896729313974,0.0,0.0,mannwhitney,,
D_39,D,0.09378208806486105,0.0083014515488318,27405512095.0,0.0,0.3563183973965658,0.3563183973965658,0.0,0.0,mannwhitney,,
D_41,D,0.0084218203343649,0.0054642504328167,27062651295.0,0.0,0.3395234060886265,0.3395234060886265,0.006755093013272669,0.0,mannwhitney,,
R_3,R,0.10627371213244691,0.0083018690958238,26408252116.0,0.0,0.3069632876720594,0.3069632876720594,0.0,0.0,mannwhitney,,
R_2,R,0.0067908265477637005,0.0050507087304458,25313311358.0,0.0,0.25277388632145703,0.25277388632145703,0.0,0.0,mannwhitney,,
D_120,D,,,,0.0,0.2413210284077558,0.2413210284077558,1.3111417632536015,0.0,chi_square,26374.77842732474,2.0
D_64,D,,,,0.0,0.2004839978603856,0.2004839978603856,2.1871247927167023,0.0,chi_square,18042.04716039795,3.0
D_68,D,,,,0.0,0.19631906517236739,0.19631906517236739,1.9637709108262351,0.0,chi_square,17339.713331208837,6.0
D_114,D,,,,0.0,0.19312719761441324,0.19312719761441324,1.3111417632536015,0.0,chi_square,16892.166845749995,2.0
D_117,D,,,,0.0,0.1773815571011392,0.1773815571011392,1.3111417632536015,0.0,chi_square,14250.017931682829,7.0
