feature,family,test_type,chi_square,p_value,effect_size,abs_effect_size,missing_pct,n_levels,p_value_fdr
B_30,B,chi_square,75874.67527325226,0.0,0.4066285908376005,0.4066285908376005,0.006755093013272669,3,0.0
B_38,B,chi_square,128083.12759689637,0.0,0.5283180525051882,0.5283180525051882,0.006755093013272669,7,0.0
D_114,D,chi_square,16892.166845749995,0.0,0.19312719761441324,0.19312719761441324,1.3111417632536015,2,0.0
D_116,D,chi_square,1402.3945116788748,6.340111453107237e-307,0.05564624444920267,0.05564624444920267,1.3111417632536015,2,6.628298337339384e-307
D_117,D,chi_square,14250.017931682829,0.0,0.1773815571011392,0.1773815571011392,1.3111417632536015,7,0.0
D_120,D,chi_square,26374.77842732474,0.0,0.2413210284077558,0.2413210284077558,1.3111417632536015,2,0.0
D_126,D,chi_square,1391.9441283242295,1.1830161898984618e-304,0.0550738860198321,0.0550738860198321,0.0,2,1.1830161898984618e-304
D_63,D,chi_square,3636.3864344351387,0.0,0.08901636057818034,0.08901636057818034,0.0,6,0.0
D_64,D,chi_square,18042.04716039795,0.0,0.2004839978603856,0.2004839978603856,2.1871247927167023,3,0.0
D_68,D,chi_square,17339.713331208837,0.0,0.19631906517236739,0.19631906517236739,1.9637709108262351,6,0.0
